-- MariaDB dump 10.19  Distrib 10.4.28-MariaDB, for Linux (x86_64)
--
-- Host: localhost    Database: sistema_csi
-- ------------------------------------------------------
-- Server version	10.4.28-MariaDB

/*!40101 SET @OLD_CHARACTER_SET_CLIENT=@@CHARACTER_SET_CLIENT */;
/*!40101 SET @OLD_CHARACTER_SET_RESULTS=@@CHARACTER_SET_RESULTS */;
/*!40101 SET @OLD_COLLATION_CONNECTION=@@COLLATION_CONNECTION */;
/*!40101 SET NAMES utf8mb4 */;
/*!40103 SET @OLD_TIME_ZONE=@@TIME_ZONE */;
/*!40103 SET TIME_ZONE='+00:00' */;
/*!40014 SET @OLD_UNIQUE_CHECKS=@@UNIQUE_CHECKS, UNIQUE_CHECKS=0 */;
/*!40014 SET @OLD_FOREIGN_KEY_CHECKS=@@FOREIGN_KEY_CHECKS, FOREIGN_KEY_CHECKS=0 */;
/*!40101 SET @OLD_SQL_MODE=@@SQL_MODE, SQL_MODE='NO_AUTO_VALUE_ON_ZERO' */;
/*!40111 SET @OLD_SQL_NOTES=@@SQL_NOTES, SQL_NOTES=0 */;

--
-- Table structure for table `Adjuntos`
--

DROP TABLE IF EXISTS `Adjuntos`;
/*!40101 SET @saved_cs_client     = @@character_set_client */;
/*!40101 SET character_set_client = utf8 */;
CREATE TABLE `Adjuntos` (
  `id` int(11) NOT NULL AUTO_INCREMENT,
  `ticket_id` int(11) NOT NULL,
  `nombre_archivo` varchar(255) NOT NULL,
  `ruta_archivo` varchar(500) NOT NULL,
  `tipo_archivo` varchar(100) DEFAULT NULL,
  `tamanio` int(11) DEFAULT NULL,
  `fecha_subida` timestamp NOT NULL DEFAULT current_timestamp(),
  PRIMARY KEY (`id`),
  KEY `ticket_id` (`ticket_id`),
  CONSTRAINT `Adjuntos_ibfk_1` FOREIGN KEY (`ticket_id`) REFERENCES `Tickets` (`id`)
) ENGINE=InnoDB DEFAULT CHARSET=utf8mb4 COLLATE=utf8mb4_general_ci;
/*!40101 SET character_set_client = @saved_cs_client */;

--
-- Dumping data for table `Adjuntos`
--

LOCK TABLES `Adjuntos` WRITE;
/*!40000 ALTER TABLE `Adjuntos` DISABLE KEYS */;
/*!40000 ALTER TABLE `Adjuntos` ENABLE KEYS */;
UNLOCK TABLES;

--
-- Table structure for table `AreasSoporte`
--

DROP TABLE IF EXISTS `AreasSoporte`;
/*!40101 SET @saved_cs_client     = @@character_set_client */;
/*!40101 SET character_set_client = utf8 */;
CREATE TABLE `AreasSoporte` (
  `id` int(11) NOT NULL AUTO_INCREMENT,
  `nombre` varchar(100) NOT NULL,
  `descripcion` text DEFAULT NULL,
  `activa` tinyint(1) DEFAULT 1,
  `orden` int(11) DEFAULT 0,
  PRIMARY KEY (`id`),
  UNIQUE KEY `nombre` (`nombre`)
) ENGINE=InnoDB AUTO_INCREMENT=9 DEFAULT CHARSET=utf8mb4 COLLATE=utf8mb4_general_ci;
/*!40101 SET character_set_client = @saved_cs_client */;

--
-- Dumping data for table `AreasSoporte`
--

LOCK TABLES `AreasSoporte` WRITE;
/*!40000 ALTER TABLE `AreasSoporte` DISABLE KEYS */;
INSERT INTO `AreasSoporte` VALUES (1,'Apoyo Logístico DAR','Servicios de apoyo logístico para eventos y videoconferencias',1,1),(2,'Soporte a Servidores','Mantenimiento, configuración y respaldo de servidores',1,2),(3,'Gestión DAR','Gestión administrativa y elaboración de informes',1,3),(4,'Telefonía','Instalación, configuración y mantenimiento de sistemas telefónicos',1,4),(5,'RED','Configuración y mantenimiento de redes y equipos de red',1,5),(6,'Sistemas y Aplicaciones','Instalación y soporte de sistemas y aplicaciones informáticas',1,6),(7,'Soporte al usuario','Atención directa a usuarios, hardware y software',1,7),(8,'Soporte Taller','Reparación y mantenimiento de equipos e impresoras',1,8);
/*!40000 ALTER TABLE `AreasSoporte` ENABLE KEYS */;
UNLOCK TABLES;

--
-- Table structure for table `Dependencias`
--

DROP TABLE IF EXISTS `Dependencias`;
/*!40101 SET @saved_cs_client     = @@character_set_client */;
/*!40101 SET character_set_client = utf8 */;
CREATE TABLE `Dependencias` (
  `id` int(11) NOT NULL AUTO_INCREMENT,
  `nombre` varchar(255) NOT NULL,
  `activa` tinyint(1) DEFAULT 1,
  PRIMARY KEY (`id`),
  UNIQUE KEY `nombre` (`nombre`)
) ENGINE=InnoDB AUTO_INCREMENT=136 DEFAULT CHARSET=utf8mb4 COLLATE=utf8mb4_general_ci;
/*!40101 SET character_set_client = @saved_cs_client */;

--
-- Dumping data for table `Dependencias`
--

LOCK TABLES `Dependencias` WRITE;
/*!40000 ALTER TABLE `Dependencias` DISABLE KEYS */;
INSERT INTO `Dependencias` VALUES (1,'AGRARIO MERIDA',1),(2,'ARCHIVO DE ASUNTOS EN TRAMITE (AAT) DEL CIRCUITO JUDICIAL PENAL DE LA CIRCUNSCRIPCION JUDICIAL DEL ESTADO MERIDA',1),(3,'ARCHIVO SEDE (AS) DE LA COORDINACION DEL TRABAJO DE LA CIRCUNSCRIPCION JUDICIAL DEL ESTADO MERIDA, SEDE MERIDA',1),(4,'ARCHIVO SEDE (AS) DEL CIRCUITO JUDICIAL DE PROTECCION DE NIÑOS, NIÑAS Y ADOLESCENTES DE LA CIRCUNSCRIPCION JUDICIAL DEL ESTADO MERIDA, SEDE MERIDA',1),(5,'ARCHIVO SEDE DEL CIRCUITO JUDICIAL CON COMPETENCIA EN DELITOS DE VIOLENCIA CONTRA LA MUJER SEDE MERIDA',1),(6,'BAILADORES',1),(7,'CIRCUITO JUDICIAL PENAL DEL ESTADO MERIDA',1),(8,'COORDINACION DE ARCHIVO DEL CIRCUITO DE PROTECCION DEL NIÑO NIÑA Y ADOLESCENTE, EXTENSION EL VIGIA',1),(9,'COORDINACION DE ARCHIVO DEL CIRCUITO JUDICIAL LABORAL EXT. EL VIGIA',1),(10,'COORDINACION DE ARCHIVO DEL CIRCUITO JUDICIAL PENAL DEL ESTADO MERIDA, EXT. EL VIGIA.',1),(11,'COORDINACION DE LA OCC DEL CIRCUITO DE PROTECCION DEL NIÑO NIÑA Y ADOLESCENTE, EXTENSION EL VIGIA',1),(12,'COORDINACION DE LA OCC DEL CIRCUITO JUDICIAL LABORAL SEDE MERIDA',1),(13,'COORDINACION DE SECRETARIOS DEL CIRCUITO DE PROTECCION DEL NIÑO, NIÑA Y ADOLESCENTE SEDE MERIDA',1),(14,'COORDINACION DEL CIRCUITO JUDICIAL CON COMPETENCIA EN DELITOS DE VIOLENCIA CONTRA LA MUJER SEDE MERIDA',1),(15,'COORDINACION JUDICIAL DE LA COORDINACION DEL TRABAJO DE LA CIRCUNSCRIPCCION JUDICIAL DEL ESTADO MERIDA, SEDE MERIDA.',1),(16,'COORDINACION JUDICIAL DE LA COORDINACION DEL TRABAJO DE LA CIRCUNSCRIPCION JUDICIAL DEL ESTADO MERIDA, EXTENSION EL VIGIA',1),(17,'COORDINACION JUDICIAL DEL CIRCUITO DE PROTECCION DEL NIÑO NIÑA Y ADOLESCENTE, EXTENSION EL VIGIA',1),(18,'COORDINACION JUDICIAL DEL CIRCUITO JUDICIAL DE PROTECCION DE NIÑOS, NIÑAS Y ADOLESCENTES DE LA CIRCUNSCRIPCION JUDICIAL DEL ESTADO MERIDA, SEDE MERIDA.',1),(19,'COORDINACION JUDICIAL DEL CIRCUITO JUDICIAL LABORAL SEDE MERIDA',1),(20,'COORDINACION JUDICIAL DEL CIRCUITO JUDICIAL PENAL DE LA CIRCUNSCRIPCION JUDICIAL DEL ESTADO MERIDA',1),(21,'COORDINACION JUDICIAL DEL CIRCUITO JUDICIAL PENAL DE LA CIRCUNSCRIPCION JUDICIAL DEL ESTADO MERIDA, EXTENSION EL VIGIA',1),(22,'CORTE DE APELACIONES DEL CIRCUITO JUDICIAL EN MATERIA DE DELITOS DE VIOLENCIA CONTRA LA MUJER DE LA CIRCUNSCRIPCION JUDICIAL DEL ESTADO MERIDA',1),(23,'CORTE DE APELACIONES DEL CIRCUITO JUDICIAL PENAL (SALA 1) DE LA CIRCUNSCRIPCION JUDICIAL DEL ESTADO MERIDA.',1),(24,'DIRECCION ADMINISTRATIVA REGIONAL DEL ESTADO MERIDA',1),(25,'DIVISION DE SERVICIOS ADMINISTRATIVOS Y FINANCIEROS',1),(26,'DIVISION DE SERVICIOS AL PERSONAL',1),(27,'DIVISION DE SERVICIOS JUDICIALES',1),(28,'EQUIPO INTERDISCIPLINARIO DEL CIRCUITO JUDICIAL EN MATERIA DE DELITOS DE VIOLENCIA CONTRA LA MUJER DE LA CIRCUNSCRIPCION JUDICIAL DEL ESTADO MERIDA',1),(29,'EQUIPO MULTIDICIPLINARIO DEL CIRCUITO JUDICIAL DE PROTECCION DE NIÑOS NIÑAS Y ADOLESCENTES DE LA CIRCUNSCRICION JUDICIAL DEL ESTADO MERIDA, EXTENSION EL VIGIA',1),(30,'EQUIPO MULTIDISCIPLINARIO DEL CIRCUITO DE PROTECCION DEL NIÑO, NIÑA Y ADOLESCENTE SEDE MERIDA',1),(31,'EQUIPO MULTIDISCIPLINARIO DEL CIRCUITO JUDICIAL PENAL DE LA SECCION DE RESPONSABILIDAD PENAL DEL ADOLESCENTES DE LA CIRCUNSCRIPCION JUDICIAL DEL ESTADO MERIDA.',1),(32,'FONDO DE PRESTACIONES SOCIALES DEM',1),(33,'JUDICIAL RECTORIA MERIDA',1),(34,'JUZGADO CUARTO DE PRIMERA INSTANCIA CIVIL, MERCANTIL Y TRANSITO DE LA CIRCUNSCRIPCION JUDICIAL DEL ESTADO MERIDA',1),(35,'JUZGADO DE PRIMERA INSTANCIA EN LO CIVIL, MERCANTIL Y TRANSITO DE LA CIRCUNSCRIPCION JUDICIAL DEL ESTADO MERIDA, EXTENSION EL VIGIA',1),(36,'JUZGADO PRIMERO DE MUNCIPIO ORDINARIO Y EJECUTOR DE MEDIDAS DEL MUNICIPIO SUCRE DE LA CIRCUNSCRIPCION JUDICIAL DEL ESTADO MERIDA, CON SEDE EN LA CIUDAD DE LAGUNILLAS',1),(37,'JUZGADO PRIMERO DE PRIMERA INSTANCIA CIVIL, MERCANTIL Y DEL TRANSITO DE LA CIRCUNSCRIPCION JUICIAL DEL ESTADO MERIDA',1),(38,'JUZGADO PRIMERO DE PRIMERA INSTANCIA EN EN FUNCION DE EJECUCION CON COMPETENCIA EN MATERIA DE DELITO DE VIOLENCIA CONTRA LA MUJER DEL ESTADO MERIDA',1),(39,'JUZGADO PRIMERO DE PRIMERA INSTANCIA EN FUNCION DE CONTROL, AUDIENCIAS Y MEDIDAS CON COMPETENCIA DE DELITOS DE VIOLENCIA CONTRA LA MUJER SEDE MERIDA',1),(40,'JUZGADO PRIMERO DE PRIMERA INSTANCIA EN FUNCION DE JUICIO CON COMPETENCIA DE DELITOS CONTRA LA MUJER SEDE MERIDA',1),(41,'JUZGADO PRIMERO DE PRIMERA INSTANCIA MUNICIPAL EN FUNCIONES DE CONTROL DEL CIRCUITO JUDICIAL PENAL CON SEDE TERRITORIAL EN EL MUNICIPIO ALBERTO ADRIANI DE LA CIRCUNSCRIPCION JUDICIAL DEL ESTADO MERIDA',1),(42,'JUZGADO SEGUNDO DE PRIMERA INSTANCIA CIVIL, MERCANTIL Y DEL TRANSITO DE LA CIRCUNSCRIPCION JUDICIAL DEL ESTADO MERIDA',1),(43,'JUZGADO SEGUNDO DE PRIMERA INSTANCIA EN FUNCION DE CONTROL, AUDIENCIAS Y MEDIDAS CON COMPETENCIA DE DELITOS DE VIOLENCIA CONTRA LA MUJER, SEDE MERIDA',1),(44,'JUZGADO SUPERIOR ESTADAL CONTENCIOSO ADMINISTRATIVO DE LA CIRCUNSCRIPCION JUDICIAL DEL ESTADO MERIDA, SEDE MERIDA',1),(45,'JUZGADO SUPERIOR DE PROTECCION DE NIÑOS, NIÑAS Y ADOLESCENTES DE LA CIRCUNSCRIPCION JUDICIAL DEL ESTADO MERIDA',1),(46,'JUZGADO SUPERIOR PRIMERO CIVIL, MERCANTIL Y TRANSITO DE LA CIRCUNSCRIPCION JUDICIAL DEL ESTADO MERIDA',1),(47,'JUZGADO SUPERIOR SEGUNDO CIVIL, MERCANTIL Y DEL TRANSITO DE LA CIRCUNSCRIPCION JUDICIAL DEL ESTADO MERIDA',1),(48,'JUZGADO TERCERO DE PRIMERA INSTANCIA CIVIL, MERCANTIL Y DEL TRANSITO DE LA CIRCUNSCRIPCION JUDICIAL DEL ESTADO MERIDA',1),(49,'OFICINA DE CONTROL DE CONSIGNACIONES (OCC) DE LA COORDINACION DEL TRABAJO DE LA CIRCUNSCRIPCION JUDICIAL DEL ESTADO MERIDA, EXTENSION EL VIGIA.',1),(50,'OFICINA DE CONTROL DE CONSIGNACIONES (OCC) DEL CIRCUITO DE PROTECCION DE NIÑOS NIÑAS Y ADOLESCENTES, DE LA CIRCUNSCRIPCION JUDICIAL DEL ESTADO MERIDA, SEDE MERIDA',1),(51,'OFICINA DE DESARROLLO INFORMATICO DE LA DEM',1),(52,'OFICINA DE PARTICIPACION CIUDADANA DAR MERIDA.',1),(53,'OFICINA DE SECRETARIOS JUDICIALES (OSJ) DE LA COORDINACION DEL TRABAJO DE LA CIRCUNSCRIPCION JUDICIAL DEL ESTADO MERIDA EXTENSION EL VIGIA',1),(54,'OFICINA DE SECRETARIOS JUDICIALES (OSJ) DE LA COORDINACION DEL TRABAJO DE LA CIRCUNSCRIPCION JUDICIAL DEL ESTADO MERIDA, SEDE MERIDA',1),(55,'OFICINA DE SECRETARIOS JUDICIALES (OSJ) DEL CIRCUITO JUDICIAL DE PROTECCION DE NIÑOS, NIÑAS Y ADOLESCENTES DE LA CIRCUNSCRIPCION JUDICIAL DEL ESTADO MERIDA, EXTENSION EL VIGIA',1),(56,'OFICINA DE SECRETARIOS JUDICIALES (OSJ) DEL CIRCUITO JUDICIAL EN MATERIA DE DELITOS DE VIOLENCIA CONTRA LA MUJER DE LA CIRCUNSCRIPCON JUDICIAL DEL ESTADO MERIDA',1),(57,'OFICINA DE SECRETARIOS JUDICIALES (OSJ) DEL CIRCUITO JUDICIAL PENAL DE LA CIRCUNSCRIPCION JUDICIAL DEL ESTADO MERIDA, EXTENSION EL VIGIA',1),(58,'OFICINA DE SECRETARIOS JUDICIALES (OSJ) DEL CIRCUITO JUDICIAL PENAL DE LA CIRCUNSCRIPCION JUDICIAL DEL ESTADO MERIDA.',1),(59,'OFICINA DE TRAMITACION (OT) DEL CIRCUITO JUDICIAL EN MATERIA DE DELITOS DE VIOLENCIA CONTRA LA MUJER DE LA CIRCUNSCRIPCION JUDICIAL DEL ESTADO MERIDA',1),(60,'OFICINA DE TRAMITACION LABORAL (OTL) DE LA COORDINACION DEL TRABAJO DE LA CIRCUNSCRIPCION JUDICIAL DEL ESTADO MERIDA, EXTENSION EL VIGIA',1),(61,'OFICINA DE TRAMITACION LABORAL (OTL) DE LA COORDINACION DEL TRABAJO DE LA CIRCUNSCRIPCION JUDICIAL DEL ESTADO MERIDA, SEDE MERIDA',1),(62,'OFICINA DE TRAMITACION PARA LA PROTECCION DE NIÑOS, NIÑAS Y ADOLESCENTES (OTPRO) DEL CIRCUITO JUDICIAL DE PROTECCION DE NIÑOS, NIÑAS Y ADOLESCENTES DE LA CJ DEL ESTADO MERIDA, EXTENSION EL VIGIA.',1),(63,'OFICINA DE TRAMITacion PARA LA PROTECCION DE NIÑOS, NIÑAS Y ADOLESCENTES (OTPRO), DEL CIRCUITO JUDICIAL DE PROTECCION DE NIÑOS, NIÑAS Y ADOLESCENTES DE LA C J DEL ESTADO MERIDA, SEDE MERIDA',1),(64,'OFICINA DE TRAMITACION PENAL (OTP) DEL CIRCUITO JUDICIAL PENAL DE LA CIRCUNSCRIPCION JUDICIAL DEL ESTADO MERIDA',1),(65,'OFICINA DE TRAMITACION PENAL (OTP) DEL CIRCUITO JUDICIAL PENAL DE LA CIRCUNSCRIPCION JUDICIAL DEL ESTADO MERIDA, EXTENSION EL VIGIA',1),(66,'RECTORIA CIVIL DE LA CIRCUNSCRIPCION JUDICIAL DEL ESTADO MERIDA',1),(67,'SEGURIDAD REGIONAL DE LA D.A.R. DEL ESTADO MERIDA',1),(68,'SERVICIO DE ALGUACILAZGO (SA) DE LA COORDINACION DEL TRABAJO DE LA CIRCUNSCRIPCION JUDICIAL DEL ESTADO MERIDA, EXTENSION EL VIGIA.',1),(69,'SERVICIO DE ALGUACILAZGO (SA) DE LA COORDINACION DEL TRABAJO DE LA CIRCUNSCRIPCION JUDICIAL DEL ESTADO MERIDA, SEDE MERIDA.',1),(70,'SERVICIO DE ALGUACILAZGO (SA) DEL CIRCUITO JUDICIAL DE PROTECCION DE NIÑOS, NIÑAS Y ADOLECENTES DE LA CIRCUNSCRIPCION JUDICIAL DEL ESTADO MERIDA, SEDE MERIDA',1),(71,'SERVICIO DE ALGUACILAZGO (SA) DEL CIRCUITO JUDICIAL DE PROTECCION DE NIÑOS, NIÑAS Y ADOLESCENTES DE LA CIRCUNSCRIPCION JUDICIAL DEL ESTADO MERIDA, EXTENSION EL VIGIA',1),(72,'SERVICIO DE ALGUACILAZGO (SA) DEL CIRCUITO JUDICIAL EN MATERIA DE DELITOS DE VIOLENCIA CONTRA LA MUJER DE LA CIRCUNSCRIPCION JUDICIAL DEL ESTADO MERIDA',1),(73,'SERVICIO DE ALGUACILAZGO (SA) DEL CIRCUITO JUDICIAL PENAL DE LA CIRCUNSCRIPCION JUDICIAL DEL ESTADO MERIDA, EXTENSION EL VIGIA.',1),(74,'SERVICIO DE ALGUACILAZGO (SA) DEL CIRCUITO JUDICIAL PENAL DE LA CIRCUNSCRIPCION JUDICIAL DEL ESTADO MERIDA, SEDE MERIDA.',1),(75,'TRIBUNAL CUARTO DE MUNICIPIO ORDINARIO Y EJECUTOR DE MEDIDAS DE LOS MUNICIPIOS ALBERTO ADRIANI, ANDRES BELLO, OBISPO RAMOS DE LORA Y CARRACCIOLO PARRA OLMEDO DEL ESTADO MERIDA',1),(76,'TRIBUNAL CUARTO DE MUNICIPIO ORDINARIO Y EJECUTOR DE MEDIDAS DE LOS MUNICIPIOS LIBERTADOR Y SANTOS MARQUINA DE LA CIRCUNSCRIPCION JUDICIAL DEL ESTADO MERIDA',1),(77,'TRIBUNAL CUARTO DE PRIMERA INSTANCIA DE SUSTANCIACION, MEDIACION Y EJECUCION DEL NUEVO REGIMEN Y DEL REGIMEN PROCESAL TRANSITORIO EXT. EL VIGIA',1),(78,'TRIBUNAL CUARTO DE PRIMERA INSTANCIA EN FUNCION DE CONTROL DEL CIRCUITO JUDICIAL PENAL DE LA CIRCUNSCRIPCION JUDICIAL DEL ESTADO MERIDA, SEDE MERIDA.',1),(79,'TRIBUNAL CUARTO DE PRIMERA INSTANCIA EN FUNCION DE JUICIO DEL CIRCUITO JUDICIAL PENAL DE LA CIRCUNSCRIPCION JUDICIAL DEL ESTADO MERIDA, SEDE MERIDA.',1),(80,'TRIBUNAL CUARTO DE PRIMERA INSTANCIA MUNICIPAL EN FUNCION DE CONTROL DEL CIRCUITO JUDICIAL PENAL DE LA CIRCUNSCRIPCION JUDICIAL DEL ESTADO DE MERIDA, SEDE MERIDA.',1),(81,'TRIBUNAL PRIMERO DE MUNICIPIO ORDINARIO Y EJECUTOR DE MEDIDAS DE LOS MUNICIPIOS CAMPO ELIAS Y ARICAGUA DE LA CIRCUNSCRIPCION JUDICIAL DEL ESTADO MERIDA',1),(82,'TRIBUNAL PRIMERO DE MUNICIPIO ORDINARIO Y EJECUTOR DE MEDIDAS DE LOS MUNICIPIOS ALBERTO ADRIANI, ANDRES BELLO, OBISPO RAMOS DE LORA Y CARACCIOLO PARRA OLMEDO DE LA C.J. DEL EDO MERIDA',1),(83,'TRIBUNAL PRIMERO DE MUNICIPIO ORDINARIO Y EJECUTOR DE MEDIDAS DE LOS MUNICIPIOS JUSTO BRICEÑO, TULIO FEBRES CORDERO Y JULIO CESAR SALAS DE LA CIRCUNSCRIPCION JUDICIAL DEL ESTADO MERIDA',1),(84,'TRIBUNAL PRIMERO DE MUNICIPIO ORDINARIO Y EJECUTOR DE MEDIDAS DE LOS MUNICIPIOS LIBERTADOR Y SANTOS MARQUINA DE LA CIRCUNSCRIPCION JUDICIAL DEL ESTADO MERIDA',1),(85,'TRIBUNAL PRIMERO DE MUNICIPio ORDINARIO Y EJECUTOR DE MEDIDAS DE LOS MUNICIPIOS MIRANDA Y PUEBLO LLANO DE LA CIRCUNSCRIPCION JUDICIAL DEL ESTADO MERIDA',1),(86,'TRIBUNAL PRIMERO DE MUNICIPIO ORDINARIO Y EJECUTOR DE MEDIDAS DE LOS MUNICIPIOS RANGEL Y CARDENAL QUINTERO DE LA CIRCUNSCRIPCION JUDICIAL DEL ESTADO MERIDA',1),(87,'TRIBUNAL PRIMERO DE MUNICIPIO ORDINARIO Y EJECUTOR DE MEDIDAS DE LOS MUNICIPIOS TOVAR, ZEA, GUARAQUE Y ARZOBISPO CHACON DE LA CIRCUNSCRIPCION JUDICIAL DEL ESTADO MERIDA',1),(88,'TRIBUNAL PRIMERO DE PRIMERA INSTANCIA DE JUICIO DEL CIRCUITO DE PROTECCION DEL NIÑO NIÑA Y ADOLESCENTE, EXTENSION EL VIGIA',1),(89,'TRIBUNAL PRIMERO DE PRIMERA INSTANCIA DE JUICIO DEL CIRCUITO DE PROTECCION DEL NIÑO, NIÑA Y ADOLESCENTE SEDE MERIDA',1),(90,'TRIBUNAL PRIMERO DE PRIMERA INSTANCIA DE JUICIO DEL CIRCUITO JUDICIAL LABORAL SEDE MERIDA',1),(91,'TRIBUNAL PRIMERO DE PRIMERA INSTANCIA DE MEDIACION Y SUSTANCIACION DEL CIRCUITO DE PROTECCION DEL NIÑO NIÑA Y ADOLESCENTE, EXTENSION EL VIGIA',1),(92,'TRIBUNAL PRIMERO DE PRIMERA INSTANCIA DE MEDIACION, SUSTANCIACION Y EJECUCION DEL CIRCUITO JUDICIAL DE PROTECCION DEL NIÑOS, NIÑAS Y ADOLESCENTES DE LA CIRCUNSCRIPCION DEL EDO MERIDA, SEDE MERIDA',1),(93,'TRIBUNAL PRIMERO DE PRIMERA INSTANCIA DE SUSTANCIACION MEDIACION Y EJECUCION DEL CIRCUITO JUDICIAL LABORAL SEDE MERIDA',1),(94,'TRIBUNAL PRIMERO DE PRIMERA INSTANCIA EN FUNCION DE CONTROL DEL CIRCUITO JUDICIAL PENAL DE LA CIRCUNSCRIPCION JUDCIAL DEL ESTADO MERIDA, EXT. EL VIGIA.',1),(95,'TRIBUNAL PRIMERO DE PRIMERA INSTANCIA EN FUNCION DE EJECUCION DEL CIRCUITO JUDICIAL PENAL DE LA CIRCUNSCRIPCION JUDICIAL DEL ESTADO MERIDA, EXT. EL VIGIA',1),(96,'TRIBUNAL PRIMERO DE PRIMERA INSTANCIA EN FUNCION DE EJECUCION DEL CIRCUITO JUDICIAL PENAL DE LA CIRCUNSCRIPCION JUDICIAL DEL ESTADO MERIDA, SEDE MERIDA.',1),(97,'TRIBUNAL PRIMERO DE PRIMERA INSTANCIA EN FUNCION DE EJECUCION DEL SISTEMA DE RESPONSABILIDAD PENAL DEL ADOLESCENTE DEL CIRCUITO JUDICIAL PENAL DEL ESTADO MERIDA',1),(98,'TRIBUNAL PRIMERO DE PRIMERA INSTANCIA EN FUNCION DE JUICIO DEL CIRCUITO JUDICIAL PENAL DE LA CIRCUNSCRIPCION JUDICIAL DEL ESTADO MERIDA, EXT. EL VIGIA.',1),(99,'TRIBUNAL PRIMERO DE PRIMERA INSTANCia EN FUNCION DE JUICIO DEL CIRCUITO JUDICIAL PENAL DE LA CIRCUNSCRIPCION JUDICIAL DEL ESTADO MERIDA, SEDE MERIDA.',1),(100,'TRIBUNAL QUINTO DE MUNICIPIO ORDINARIO Y EJECUTOR DE MEDIDAS DE LOS MUNICIPIOS ALBERTO ADRIANI, ANDRES BELLO, OBISPO RAMOS DE LORA Y CARRACCIOLO PARRA OLMEDO DEL ESTADO MERIDA',1),(101,'TRIBUNAL QUINTO DE MUNICIPIO ORDINARIO Y EJECUTOR DE MEDIDAS DE LOS MUNICIPIOS LIBERTADOR Y SANTOS MARQUINA DE LA CIRCUNSCRIPCION JUDICIAL DEL ESTADO MERIDA',1),(102,'TRIBUNAL QUINTO DE PRIMERA INSTANCIA EN FUNCION DE CONTROL DEL CIRCUITO JUDICIAL PENAL DE LA CIRCUNSCRIPCION JUDICIAL DEL ESTADO MERIDA, SEDE MERIDA.',1),(103,'TRIBUNAL SEGUNDO DE MUNICIPIO ORDINARIO Y EJECUTOR DE MEDIDAS DE LOS MUNICIPIOS CAMPO ELIAS Y ARICAGUA DE LA CIRCUNSCRIPCION JUDICIAL DEL ESTADO MERIDA',1),(104,'TRIBUNAL SEGUNDO DE MUNICIPIO ORDINARIO Y EJECUTOR DE MEDIDAS DE LOS MUNICIPIOS ALBERTO ADRIANI, ANDRES BELLO, OBISPO RAMOS DE LORA Y CARRACCIOLO PARRA OLMEDO DE LA CIRCUNSCRIPCION JUDICIAL DEL ESTADO',1),(105,'TRIBUNAL SEGUNDO DE MUNICIPIO ORDINARIO Y EJECUTOR DE MEDIDAS DE LOS MUNICIPIOS JUSTO BRICEÑO, TULIO FEBRES CORDERO Y JULIO CESAR SALAS DE LA CIRCUNSCRIPCION JUDICIAL DEL ESTADO MERIDA',1),(106,'TRIBUNAL SEGUNDO DE MUNICIPIO ORDINARIO Y EJECUTOR DE MEDIDAS DE LOS MUNICIPIOS LIBERTADOR Y SANTOS MARQUINA DE LA CIRCUNSCRIPCION JUDICIAL DEL ESTADO MERIDA',1),(107,'TRIBUNAL SEGUNDO DE MUNICIPIO ORDINARIO Y EJECUTOR DE MEDIDAS DE LOS MUNICIPIOS MIRANDA Y PUEBLO LLANO DE LA CIRCUNSCRIPCION JUDICIAL DEL ESTADO MERIDA',1),(108,'TRIBUNAL SEGUNDO DE MUNICIPIO ORDINARIO Y EJECUTOR DE MEDIDAS DE LOS MUNICIPIOS RANGEL Y CARDENAL QUINTERO DE LA CIRCUNSCRIPCION JUDICIAL DEL ESTADO MERIDA',1),(109,'TRIBUNAL SEGUNDO DE MUNICIPIO ORDINARIO Y EJECUTOR DE MEDIDAS DE LOS MUNICIPIOS TOVAR, ZEA, GUARAQUE Y ARZOBISPO CHACON DE LA CIRCUNSCRIPCION JUDICIAL DEL ESTADO MERIDA',1),(110,'TRIBUNAL SEGUNDO DE PRIMERA INSTANCIA DE JUICIO DEL CIRCUITO JUDICIAL LABORAL SEDE MERIDA',1),(111,'TRIBUNAL SEGUNDO DE PRIMERA INSTANCIA DE MEDIACION, SUSTANCIACION Y EJECUCION DEL CIRCUITO JUDICIAL DE PROTECCION DE NIÑOS, NIÑAS Y ADOLESCENTES DE LA CIRCUNSCRIPCION DEL EDO MERIDA, SEDE MERIDA',1),(112,'TRIBUNAL SEGUNDO DE PRIMERA INSTANCIA DE SUSTANCIACION MEDIACION Y EJECUCION DEL CIRCUITO JUDICIAL LABORAL SEDE MERIDA',1),(113,'TRIBUNAL SEGUNDO DE PRIMERA INSTANCIA EN FUNCION DE CONTROL DEL CIRCUITO JUDICIAL PENAL DE LA CIRCUNSCRIPCION JUDICIAL DEL ESTADO MERIDA, EXT. EL VIGIA.',1),(114,'TRIBUNAL SEGUNDO DE PRIMERA INSTANCIA EN FUNCION DE CONTROL DEL CIRCUITO JUDICIAL PENAL DE LA CIRCUNSCRIPCION JUDICIAL DEL ESTADO MERIDA, SEDE MERIDA.',1),(115,'TRIBUNAL SEGUNDO DE PRIMERA INSTANCIA EN FUNCION DE CONTROL DEL SISTEMA DE RESPONSABILIDAD PENAL DE LOS ADOLESCENTES DEL CIRCUITO JUDICIAL PENAL DEL ESTADO MERIDA',1),(116,'TRIBUNAL SEGUNDO DE PRIMERA INSTANCIA EN FUNCION DE EJECUCION DEL CIRCUITO JUDICIAL PENAL DE LA CIRCUNSCRIPCION JUDICIAL DEL ESTADO MERIDA, EXT. EL VIGIA.',1),(117,'TRIBUNAL SEGUNDO DE PRIMERA INSTANCIA EN FUNCION DE JUICIO DEL CIRCUITO JUDICIAL PENAL DE LA CIRCUNSCRIPCION JUDICIAL DEL ESTADO MERIDA, SEDE MERIDA.',1),(118,'TRIBUNAL SEGUNDO DE PRIMERA INSTANCIA EN FUNCION DE JUICIO DEL CIRCUITO JUDICIAL PENAL DEL ESTADO MERIDA, EXT. EL VIGIA',1),(119,'TRIBUNAL SEGUNDO DE PRIMERA INSTANCIA EN FUNCIONES DE JUICIO DEL CIRCUITO JUDICIAL EN MATERIA DE DELITOS DE VIOLENCIA CONTRA LA MUJER DE LA CIRCUNSCRIPCION JUDICIAL DEL ESTADO MERIDA',1),(120,'TRIBUNAL SEPTIMO DE PRIMERA INSTANCIA EN FUNCION DE CONTROL DEL CIRCUITO JUDICIAL PENAL DE LA CIRCUNSCRIPCION JUDICIAL DEL ESTADO MERIDA, EXT. EL VIGIA.',1),(121,'TRIBUNAL SEXTO DE PRIMERA INSTANCIA EN FUNCION DE CONTROL DEL CIRCUITO JUDICIAL PENAL DE LA CIRCUNSCRIPCION JUDICIAL DEL ESTADO MERIDA, SEDE MERIDA.',1),(122,'TRIBUNAL SUPERIOR LABORAL DEL CIRCUITO JUDICIAL LABORAL SEDE MERIDA',1),(123,'TRIBUNAL TERCERO DE MUNICIPIO ORDINARIO Y EJECUTOR DE MEDIDAS DE LOS MUNICIPIOS ALBERTO ADRIANI, ANDRES BELLO, OBISPO RAMOS DE LORA Y CARRACCIOLO PARRA OLMEDO DEL ESTADO MERIDA',1),(124,'TRIBUNAL TERCERO DE MUNICIPIO ORDINARIO Y EJECUTOR DE MEDIDAS DE LOS MUNICIPIOS LIBERTADOR Y SANTOS MARQUINA DE LA CIRCUNSCRIPCION JUDICIAL DEL ESTADO MERIDA',1),(125,'TRIBUNAL TERCERO DE MUNICIPIO ORDINARIO Y EJECUTOR DE MEDIDAS DE LOS MUNICIPIOS TOVAR, ZEA, GUARAQUE Y ARZOBISPO CHACON DE LA CIRCUNSCRIPCION JUDICIAL DEL ESTADO MERIDA',1),(126,'TRIBUNAL TERCERO DE PRIMERA INSTANCIA DE SUSTANCIACION MEDIACION Y EJECUCION DEL CIRCUITO JUDICIAL LABORAL SEDE MERIDA',1),(127,'TRIBUNAL TERCERO DE PRIMERA INSTANCIA EN FUNCION DE CONTROL DEL CIRCUITO JUDICIAL PENAL DE LA CIRCUNSCRIPCION JUDICIAL DEL EDO MERIDA, EXT. EL VIGIA.',1),(128,'TRIBUNAL TERCERO DE PRIMERA INSTANCIA EN FUNCION DE EJECUCION DEL CIRCUITO JUDICIAL PENAL DE LA CIRCUNSCRIPCION JUDICIAL DEL ESTADO MERIDA, SEDE MERIDA.',1),(129,'TRIBUNAL TERCERO DE PRIMERA INSTANCIA EN FUNCION DE JUICIO DEL CIRCUITO JUDICIAL PENAL DEL ESTADO MERIDA, EXT. EL VIGIA',1),(130,'TRIBUNAL TERCERO DE PRIMERA INSTANCIA EN FUNCION DE JUICIO DEL CIRCUITO JUDICIAL PENAL DE LA CIRCUNSCRIPCION JUDICIAL DEL ESTADO MERIDA, SEDE MERIDA.',1),(131,'TRIBUNAL TERCERO DE PRIMERA INSTANCIA EN FUNCIONES DE CONTROL AUDIENCIAS Y MEDIDAS DEL CIRCUITO JUDICIAL EN MATERIA DE DELTOS DE VIOLENCIA CONTRA LA MUJER DE LA CIRCUNSCRIPCION JUDICIAL DEL EDO MERIDA',1),(132,'TRIBUNAL TERCERO DE PRIMERA INSTANCIA MUNICIPAL EN FUNCION DE CONTROL DEL CIRCUITO JUDICIAL PENAL DE LA CIRCUNSCRIPCION JUDICIAL DEL ESTADO MERIDA, SEDE MERIDA.',1),(133,'UNIDAD DE RECEPCION Y DISTRIBUCION DE DOCUMENTOS (URDD) / COORDINACION JUDICIAL DE LA COORDINACION DEL TRABAJO DE LA CIRCUNSCRIPCION JUDICIAL DEL ESTADO MERIDA, SEDE MERIDA',1),(134,'UNIDAD DE RECEPCION Y DISTRIBUCION DE DOCUMENTOS (URDD) DE LA COORDINACION DEL TRABAJO DE LA CIRCUNSCRIPCION JUDICIAL DEL ESTADO MERIDA, SEDE MERIDA',1),(135,'UNIDAD DE RECEPCION Y DISTRIBUCION DE DOCUMENTOS DEL CIRCUITO JUDICIAL CON COMPETENCIA EN DELITOS DE VIOLENCIA CONTRA LA MUJER SEDE MERIDA',1);
/*!40000 ALTER TABLE `Dependencias` ENABLE KEYS */;
UNLOCK TABLES;

--
-- Table structure for table `HistorialTickets`
--

DROP TABLE IF EXISTS `HistorialTickets`;
/*!40101 SET @saved_cs_client     = @@character_set_client */;
/*!40101 SET character_set_client = utf8 */;
CREATE TABLE `HistorialTickets` (
  `id` int(11) NOT NULL AUTO_INCREMENT,
  `ticket_id` int(11) NOT NULL,
  `usuario_id` int(11) NOT NULL,
  `accion` varchar(100) NOT NULL,
  `descripcion` text DEFAULT NULL,
  `fecha` timestamp NOT NULL DEFAULT current_timestamp(),
  PRIMARY KEY (`id`),
  KEY `ticket_id` (`ticket_id`),
  KEY `usuario_id` (`usuario_id`),
  CONSTRAINT `HistorialTickets_ibfk_1` FOREIGN KEY (`ticket_id`) REFERENCES `Tickets` (`id`),
  CONSTRAINT `HistorialTickets_ibfk_2` FOREIGN KEY (`usuario_id`) REFERENCES `Usuarios` (`id`)
) ENGINE=InnoDB AUTO_INCREMENT=17 DEFAULT CHARSET=utf8mb4 COLLATE=utf8mb4_general_ci;
/*!40101 SET character_set_client = @saved_cs_client */;

--
-- Dumping data for table `HistorialTickets`
--

LOCK TABLES `HistorialTickets` WRITE;
/*!40000 ALTER TABLE `HistorialTickets` DISABLE KEYS */;
INSERT INTO `HistorialTickets` VALUES (3,5,3,'CREAR_TICKET','Ticket creado: TICK-20260120-4E4E8D - el monitor no funciona','2026-01-20 13:49:41'),(5,6,3,'CREAR_TICKET','Ticket creado: TICK-20260120-BA1821 - el monitor no funciona','2026-01-20 13:51:39'),(6,7,3,'CREAR_TICKET','Ticket creado: TICK-20260120-0CAB01 - El Computador no prende','2026-01-20 14:54:24'),(10,8,3,'CREAR_TICKET','Ticket creado: TICK-20260121-60BDE5 - Se em olcvido el usuario','2026-01-21 20:36:54'),(11,9,3,'CREAR_TICKET','Ticket creado: TICK-20260121-CE317A - Perdida de Informacion','2026-01-21 20:45:33'),(12,7,3,'COMENTARIO','que paso con mi reporte','2026-01-22 19:12:37'),(13,9,3,'EDITAR_TICKET','Ticket editado por usuario','2026-01-22 19:22:59'),(14,8,3,'EDITAR_TICKET','Ticket editado por usuario','2026-01-22 19:41:08'),(15,9,3,'EDITAR_TICKET','Ticket editado por usuario','2026-01-22 20:38:36'),(16,8,3,'EDITAR_TICKET','Ticket editado por usuario','2026-01-22 20:41:13');
/*!40000 ALTER TABLE `HistorialTickets` ENABLE KEYS */;
UNLOCK TABLES;

--
-- Table structure for table `Logs`
--

DROP TABLE IF EXISTS `Logs`;
/*!40101 SET @saved_cs_client     = @@character_set_client */;
/*!40101 SET character_set_client = utf8 */;
CREATE TABLE `Logs` (
  `id` int(11) NOT NULL AUTO_INCREMENT,
  `usuario_id` int(11) NOT NULL,
  `accion` varchar(50) NOT NULL,
  `descripcion` text NOT NULL,
  `fecha` timestamp NOT NULL DEFAULT current_timestamp(),
  PRIMARY KEY (`id`),
  KEY `idx_usuario` (`usuario_id`),
  KEY `idx_fecha` (`fecha`)
) ENGINE=InnoDB AUTO_INCREMENT=3 DEFAULT CHARSET=utf8mb4 COLLATE=utf8mb4_general_ci;
/*!40101 SET character_set_client = @saved_cs_client */;

--
-- Dumping data for table `Logs`
--

LOCK TABLES `Logs` WRITE;
/*!40000 ALTER TABLE `Logs` DISABLE KEYS */;
INSERT INTO `Logs` VALUES (1,3,'ACTUALIZAR_PERFIL','Perfil actualizado','2026-01-20 16:17:45'),(2,7,'ACTUALIZAR_PERFIL','Perfil actualizado','2026-01-21 19:21:11');
/*!40000 ALTER TABLE `Logs` ENABLE KEYS */;
UNLOCK TABLES;

--
-- Table structure for table `Servicios`
--

DROP TABLE IF EXISTS `Servicios`;
/*!40101 SET @saved_cs_client     = @@character_set_client */;
/*!40101 SET character_set_client = utf8 */;
CREATE TABLE `Servicios` (
  `id` int(11) NOT NULL AUTO_INCREMENT,
  `area_id` int(11) NOT NULL,
  `nombre` varchar(200) NOT NULL,
  `descripcion` text DEFAULT NULL,
  `activo` tinyint(1) DEFAULT 1,
  PRIMARY KEY (`id`),
  UNIQUE KEY `area_servicio` (`area_id`,`nombre`),
  KEY `idx_servicios_area` (`area_id`),
  CONSTRAINT `Servicios_ibfk_1` FOREIGN KEY (`area_id`) REFERENCES `AreasSoporte` (`id`)
) ENGINE=InnoDB AUTO_INCREMENT=55 DEFAULT CHARSET=utf8mb4 COLLATE=utf8mb4_general_ci;
/*!40101 SET character_set_client = @saved_cs_client */;

--
-- Dumping data for table `Servicios`
--

LOCK TABLES `Servicios` WRITE;
/*!40000 ALTER TABLE `Servicios` DISABLE KEYS */;
INSERT INTO `Servicios` VALUES (1,1,'Servicio de Videoconferencia','Configuración y soporte para videoconferencias',1),(2,1,'Apoyo informático en eventos','Soporte técnico durante eventos especiales',1),(3,1,'Apoyo en servicios audiovisuales','Asistencia con equipos audiovisuales',1),(4,1,'Otros requerimientos','Otros servicios de apoyo logístico',1),(5,2,'Configuración, Verificación y Ejecución de respaldo en servidor','Gestión de backups de servidores',1),(6,2,'Diagnosticar, Resolver, Notificar falla o error en servidor','Diagnóstico y solución de problemas en servidores',1),(7,2,'Instalación de software en servidores','Instalación de aplicaciones en servidores',1),(8,2,'Actualización . Mantenimiento de Directorio Activo','Mantenimiento de Active Directory',1),(9,2,'Mantenimiento y Actualización de Servidores','Mantenimiento general de servidores',1),(10,2,'Otro requerimiento asociado a servidores','Otros servicios relacionados con servidores',1),(11,3,'Ejecución de Actividades de la ODI','Actividades de la Oficina de Desarrollo Informático',1),(12,3,'Elaborar Informes Técnicos','Elaboración de informes técnicos',1),(13,3,'Generar reportes de Gestión','Generación de reportes de gestión',1),(14,3,'Proyectos Regionales','Soporte a proyectos regionales',1),(15,4,'Configuración de central telefónica','Configuración de PBX y centrales telefónicas',1),(16,4,'Instalación de cableado telefónico','Instalación de infraestructura telefónica',1),(17,4,'Instalación nueva extensión','Instalación de nuevas extensiones telefónicas',1),(18,4,'Reubicación de teléfono','Reubicación de equipos telefónicos',1),(19,4,'Otro requerimiento asociado a telefónia','Otros servicios de telefonía',1),(20,5,'Instalación / Configuración de ambiente de red','Configuración de ambientes de red',1),(21,5,'Reubicación punto de red','Reubicación de puntos de red',1),(22,5,'Requerimientos vinculados la cámara de seguridad','Soporte a cámaras de seguridad',1),(23,5,'Swicht, Router, Patch panel','Mantenimiento de equipos de red',1),(24,5,'Otros requerimientos vinculados a Red','Otros servicios de red',1),(25,6,'Sistemas administrativos y Judiciales (Instalación, Configuración)','Instalación de sistemas administrativos y judiciales',1),(26,6,'Automatización de procesos administrativos internos','Automatización de procesos',1),(27,6,'Sistema JURIS2000 (Acceso, Instalación y configuración)','Soporte al sistema JURIS2000',1),(28,6,'Soporte Control de Asistencia-Gisa','Soporte al sistema de control de asistencia',1),(29,6,'Sistema Independencia (Acceso, Instalación y configuración)','Soporte al sistema Independencia',1),(30,6,'Instalación de aplicaciones informáticas','Instalación de aplicaciones generales',1),(31,6,'Otros requerimientos vinculados a Sistemas','Otros servicios de sistemas',1),(32,7,'Antivirus (Instalación, Actualización, Ejecutar Análisis)','Gestión de antivirus',1),(33,7,'Adiestramiento en software de ofimática','Capacitación en ofimática',1),(34,7,'Configuración acceso Internet','Configuración de acceso a Internet',1),(35,7,'Configuración de carpeta compartida en la RED','Configuración de carpetas compartidas',1),(36,7,'Instalación y/o Configuración de impresora','Configuración de impresoras',1),(37,7,'Instalación, Diagnostico y/o reparación de computador (hardware, software)','Reparación de computadoras',1),(38,7,'Restauración del perfil de usuario','Restauración de perfiles de usuario',1),(39,7,'Cuentas de usuarios MAGISTRATURA (Crear, Deshabilitar, Desbloquear)','Gestión de cuentas de magistratura',1),(40,7,'Cuentas de EDITORES TSJ (Solicitud, Deshabilitar, Desbloquear)','Gestión de cuentas de editores',1),(41,7,'Movimientos de equipos informáticos (reubicación, asignación, reparación, desincorporación)','Gestión de equipos informáticos',1),(42,7,'Préstamo de activos informático','Préstamo de equipos',1),(43,7,'Realizar respaldo','Realización de backups',1),(44,7,'Recuperación de información','Recuperación de datos',1),(45,7,'Otro requerimiento asociado a Soporte','Otros servicios de soporte',1),(46,8,'Diagnostico/reemplazo cartuchos de impresión','Gestión de cartuchos de impresión',1),(47,8,'Diagnostico/reemplazo toner de impresión','Gestión de toners',1),(48,8,'Mantenimiento de Impresora','Mantenimiento de impresoras',1),(49,8,'Mantenimiento de Fotocopiadora','Mantenimiento de fotocopiadoras',1),(50,8,'Reparación de Impresora','Reparación de impresoras',1),(51,8,'Reparación de Fotocopiadora','Reparación de fotocopiadoras',1),(52,8,'Reparación de Equipos Electro Mecánicos','Reparación de equipos electromecánicos',1),(53,8,'Atascos de Papel','Resolución de atascos de papel',1),(54,8,'Otros Requerimientos','Otros servicios de taller',1);
/*!40000 ALTER TABLE `Servicios` ENABLE KEYS */;
UNLOCK TABLES;

--
-- Table structure for table `Tickets`
--

DROP TABLE IF EXISTS `Tickets`;
/*!40101 SET @saved_cs_client     = @@character_set_client */;
/*!40101 SET character_set_client = utf8 */;
CREATE TABLE `Tickets` (
  `id` int(11) NOT NULL AUTO_INCREMENT,
  `numero_ticket` varchar(20) NOT NULL,
  `usuario_id` int(11) NOT NULL,
  `dependencia_id` int(11) NOT NULL,
  `area_id` int(11) NOT NULL,
  `servicio_id` int(11) NOT NULL,
  `asunto` varchar(255) NOT NULL,
  `descripcion` text NOT NULL,
  `prioridad` enum('baja','media','alta','urgente') DEFAULT 'media',
  `estado` enum('Nuevo','Asignado','En Proceso','Cerrado Exitosamente','Cerrado No Exitoso') DEFAULT 'Nuevo',
  `tecnico_asignado` int(11) DEFAULT NULL,
  `fecha_creacion` timestamp NOT NULL DEFAULT current_timestamp(),
  `fecha_cierre` timestamp NULL DEFAULT NULL,
  `solucion` text DEFAULT NULL,
  PRIMARY KEY (`id`),
  UNIQUE KEY `numero_ticket` (`numero_ticket`),
  KEY `dependencia_id` (`dependencia_id`),
  KEY `area_id` (`area_id`),
  KEY `servicio_id` (`servicio_id`),
  KEY `idx_tickets_usuario` (`usuario_id`),
  KEY `idx_tickets_estado` (`estado`),
  KEY `idx_tickets_fecha` (`fecha_creacion`),
  KEY `idx_tickets_tecnico` (`tecnico_asignado`),
  CONSTRAINT `Tickets_ibfk_1` FOREIGN KEY (`usuario_id`) REFERENCES `Usuarios` (`id`),
  CONSTRAINT `Tickets_ibfk_2` FOREIGN KEY (`dependencia_id`) REFERENCES `Dependencias` (`id`),
  CONSTRAINT `Tickets_ibfk_3` FOREIGN KEY (`area_id`) REFERENCES `AreasSoporte` (`id`),
  CONSTRAINT `Tickets_ibfk_4` FOREIGN KEY (`servicio_id`) REFERENCES `Servicios` (`id`),
  CONSTRAINT `Tickets_ibfk_5` FOREIGN KEY (`tecnico_asignado`) REFERENCES `Usuarios` (`id`)
) ENGINE=InnoDB AUTO_INCREMENT=10 DEFAULT CHARSET=utf8mb4 COLLATE=utf8mb4_general_ci;
/*!40101 SET character_set_client = @saved_cs_client */;

--
-- Dumping data for table `Tickets`
--

LOCK TABLES `Tickets` WRITE;
/*!40000 ALTER TABLE `Tickets` DISABLE KEYS */;
INSERT INTO `Tickets` VALUES (1,'TICK-20260120-25DB2B',3,37,8,53,'Atasco de Papel','Al imprimir se tranco la Impresora','media','Asignado',2,'2026-01-20 13:05:06',NULL,NULL),(2,'TICK-20260120-B6E727',3,37,8,53,'Impresora','Atasco de papel en Laboral','media','Nuevo',NULL,'2026-01-20 13:12:27',NULL,NULL),(3,'TICK-20260120-03C4E3',3,37,8,53,'Atasco de Papel en Direccion','Se estaba imprimiendo y se atasco el papel dentro de la impresora','media','Cerrado Exitosamente',NULL,'2026-01-20 13:27:12','2026-01-23 20:00:36','se arreglo la impresora'),(4,'TICK-20260120-98594B',3,37,8,48,'Impresora Fallando no imprime bien','La  impresiones  estan saliendo con una  linea  por el medio  y no es  legible la impresion','media','Nuevo',NULL,'2026-01-20 13:45:13',NULL,NULL),(5,'TICK-20260120-4E4E8D',3,37,7,37,'el monitor no funciona','No prende  el monitor  solo aparece la pantalla Negra','media','Nuevo',NULL,'2026-01-20 13:49:40',NULL,NULL),(6,'TICK-20260120-BA1821',3,37,7,37,'el monitor no funciona','No prende  el monitor  solo aparece la pantalla Negra','media','Nuevo',NULL,'2026-01-20 13:51:39',NULL,NULL),(7,'TICK-20260120-0CAB01',3,37,7,37,'El Computador no prende','El computador no Enciende','media','Nuevo',NULL,'2026-01-20 14:54:24',NULL,NULL),(8,'TICK-20260121-60BDE5',3,1,7,39,'Se me olvido el usuario','Restablecimiento de usuario en Magistratura','media','Asignado',10,'2026-01-21 20:36:54',NULL,NULL),(9,'TICK-20260121-CE317A',3,1,7,37,'Perdida de Informacion','Se solicita  recuperar archivos de  documento principal','media','Cerrado Exitosamente',NULL,'2026-01-21 20:45:32','2026-01-23 19:43:24','se soluciono con los respaldos');
/*!40000 ALTER TABLE `Tickets` ENABLE KEYS */;
UNLOCK TABLES;

--
-- Table structure for table `Usuarios`
--

DROP TABLE IF EXISTS `Usuarios`;
/*!40101 SET @saved_cs_client     = @@character_set_client */;
/*!40101 SET character_set_client = utf8 */;
CREATE TABLE `Usuarios` (
  `id` int(11) NOT NULL AUTO_INCREMENT,
  `usuario` varchar(50) NOT NULL,
  `contrasena` varchar(255) NOT NULL,
  `nombre` varchar(100) NOT NULL,
  `correo` varchar(100) DEFAULT NULL,
  `dependencia_id` int(11) DEFAULT NULL,
  `privilegio` enum('admin','tecnico','usuario') DEFAULT 'usuario',
  `activo` tinyint(1) DEFAULT 1,
  PRIMARY KEY (`id`),
  UNIQUE KEY `usuario` (`usuario`),
  KEY `idx_usuarios_dependencia` (`dependencia_id`),
  CONSTRAINT `Usuarios_ibfk_1` FOREIGN KEY (`dependencia_id`) REFERENCES `Dependencias` (`id`)
) ENGINE=InnoDB AUTO_INCREMENT=11 DEFAULT CHARSET=utf8mb4 COLLATE=utf8mb4_general_ci;
/*!40101 SET character_set_client = @saved_cs_client */;

--
-- Dumping data for table `Usuarios`
--

LOCK TABLES `Usuarios` WRITE;
/*!40000 ALTER TABLE `Usuarios` DISABLE KEYS */;
INSERT INTO `Usuarios` VALUES (2,'tecnico','$2y$10$PtC4A65USbzf4OIBiX9n0uZM7c3BHPmY0pH8Ey8Xdqt8hQBWEYefy','Técnico CSI','Blanco@gmail.com',51,'tecnico',1),(3,'usuario','$2y$10$m70YIU8pFsYRLuBA/Fjzn.I48axWP4yT00vTPo4Q9G8zcWQBYvd72','Usuario Prueba','usuario@gmail.com',1,'usuario',1),(7,'pablo','$2y$10$nZu2ybHuVdoK5rF/H4iLW.DfxQ27Q1P1TkeTZN0lyolRpycGuuDHu','Pablo Zambrano','pablojz70@gmail.com',24,'admin',1),(10,'smarquez','$2y$10$v5dpLDZqUK4SsEvN0oM3wunxB6kBGbDNCy2tKVejg60TwKwkg0jlK','Susan Marquez','susanmarquez@gmail.com',2,'tecnico',1);
/*!40000 ALTER TABLE `Usuarios` ENABLE KEYS */;
UNLOCK TABLES;

--
-- Table structure for table `configuraciones`
--

DROP TABLE IF EXISTS `configuraciones`;
/*!40101 SET @saved_cs_client     = @@character_set_client */;
/*!40101 SET character_set_client = utf8 */;
CREATE TABLE `configuraciones` (
  `id` int(11) NOT NULL AUTO_INCREMENT,
  `categoria` varchar(50) NOT NULL,
  `clave` varchar(100) NOT NULL,
  `valor` text DEFAULT NULL,
  `tipo` varchar(20) DEFAULT 'text',
  `opciones` text DEFAULT NULL,
  `descripcion` text DEFAULT NULL,
  `orden` int(11) DEFAULT 0,
  `editable` tinyint(1) DEFAULT 1,
  `created_at` timestamp NOT NULL DEFAULT current_timestamp(),
  `updated_at` timestamp NOT NULL DEFAULT current_timestamp() ON UPDATE current_timestamp(),
  PRIMARY KEY (`id`),
  UNIQUE KEY `clave` (`clave`)
) ENGINE=InnoDB AUTO_INCREMENT=34 DEFAULT CHARSET=utf8mb4 COLLATE=utf8mb4_general_ci;
/*!40101 SET character_set_client = @saved_cs_client */;

--
-- Dumping data for table `configuraciones`
--

LOCK TABLES `configuraciones` WRITE;
/*!40000 ALTER TABLE `configuraciones` DISABLE KEYS */;
INSERT INTO `configuraciones` VALUES (1,'general','nombre_sistema','Sistema CSI - Soporte Técnico','text',NULL,'Nombre del sistema que aparece en el título',1,1,'2026-01-19 15:03:30','2026-01-19 15:03:30'),(2,'general','logo_url','logo.png','text',NULL,'Ruta del archivo de logo',2,1,'2026-01-19 15:03:30','2026-01-19 15:03:30'),(3,'general','color_principal','#2c3e50','color',NULL,'Color principal de la interfaz',3,1,'2026-01-19 15:03:30','2026-01-19 15:03:30'),(4,'general','color_secundario','#3498db','color',NULL,'Color secundario para botones',4,1,'2026-01-19 15:03:30','2026-01-19 15:03:30'),(5,'general','items_por_pagina','20','number',NULL,'Número de items por página en listados',5,1,'2026-01-19 15:03:30','2026-01-19 15:03:30'),(6,'general','timezone','America/Mexico_City','select',NULL,'Zona horaria del sistema',6,1,'2026-01-19 15:03:30','2026-01-19 15:03:30'),(7,'general','idioma','es','select',NULL,'Idioma del sistema',7,1,'2026-01-19 15:03:30','2026-01-19 15:03:30'),(8,'email','notificaciones_activas','1','boolean',NULL,'Activar/Desactivar notificaciones por email',1,1,'2026-01-19 15:03:30','2026-01-19 15:03:30'),(9,'email','smtp_host','smtp.gmail.com','text',NULL,'Servidor SMTP',2,1,'2026-01-19 15:03:30','2026-01-19 15:03:30'),(10,'email','smtp_port','587','number',NULL,'Puerto SMTP',3,1,'2026-01-19 15:03:30','2026-01-19 15:03:30'),(11,'email','smtp_secure','tls','select',NULL,'Tipo de seguridad',4,1,'2026-01-19 15:03:30','2026-01-19 15:03:30'),(12,'email','smtp_usuario','','text',NULL,'Usuario SMTP',5,1,'2026-01-19 15:03:30','2026-01-19 15:03:30'),(13,'email','smtp_password','','password',NULL,'Contraseña SMTP',6,1,'2026-01-19 15:03:30','2026-01-19 15:03:30'),(14,'email','email_from','notificaciones@sistema-csi.com','text',NULL,'Email remitente',7,1,'2026-01-19 15:03:30','2026-01-19 15:03:30'),(15,'email','nombre_from','Sistema CSI','text',NULL,'Nombre remitente',8,1,'2026-01-19 15:03:30','2026-01-19 15:03:30'),(16,'email','email_reply_to','soporte@sistema-csi.com','text',NULL,'Email para respuestas',9,1,'2026-01-19 15:03:30','2026-01-19 15:03:30'),(17,'seguridad','max_intentos_login','5','number',NULL,'Máximo intentos de login antes de bloquear',1,1,'2026-01-19 15:03:30','2026-01-19 15:03:30'),(18,'seguridad','tiempo_bloqueo_minutos','30','number',NULL,'Minutos de bloqueo por intentos fallidos',2,1,'2026-01-19 15:03:30','2026-01-19 15:03:30'),(19,'seguridad','sesion_expiracion_horas','8','number',NULL,'Horas para expirar sesión inactiva',3,1,'2026-01-19 15:03:30','2026-01-19 15:03:30'),(20,'seguridad','requerir_contrasena_fuerte','1','boolean',NULL,'Requerir contraseña fuerte (mínimo 8 caracteres, mayúscula, número)',4,1,'2026-01-19 15:03:30','2026-01-19 15:03:30'),(21,'seguridad','bloquear_ip_intentos','1','boolean',NULL,'Bloquear IP por intentos fallidos',5,1,'2026-01-19 15:03:30','2026-01-19 15:03:30'),(22,'archivos','max_tamano_mb','10','number',NULL,'Tamaño máximo de archivos adjuntos en MB',1,1,'2026-01-19 15:03:30','2026-01-19 15:03:30'),(23,'archivos','extensiones_permitidas','jpg,jpeg,png,pdf,doc,docx,xls,xlsx','text',NULL,'Extensiones permitidas separadas por coma',2,1,'2026-01-19 15:03:30','2026-01-19 15:03:30'),(24,'archivos','ruta_uploads','uploads/','text',NULL,'Ruta donde se guardan los archivos',3,1,'2026-01-19 15:03:30','2026-01-19 15:03:30'),(25,'tickets','prioridad_defecto','media','select',NULL,'Prioridad por defecto para nuevos tickets',1,1,'2026-01-19 15:03:30','2026-01-19 15:03:30'),(26,'tickets','dias_cierre_automatico','30','number',NULL,'Días para cierre automático de tickets inactivos',2,1,'2026-01-19 15:03:30','2026-01-19 15:03:30'),(27,'tickets','notificar_usuario_siempre','1','boolean',NULL,'Notificar siempre al usuario sobre cambios',3,1,'2026-01-19 15:03:30','2026-01-19 15:03:30'),(28,'tickets','permitir_reabrir_tickets','1','boolean',NULL,'Permitir reabrir tickets cerrados',4,1,'2026-01-19 15:03:30','2026-01-19 15:03:30'),(29,'tickets','tiempo_max_respuesta_horas','24','number',NULL,'Tiempo máximo para respuesta inicial en horas',5,1,'2026-01-19 15:03:30','2026-01-19 15:03:30'),(30,'tickets','sla_prioridad_alta','4','number',NULL,'SLA para prioridad alta (horas)',6,1,'2026-01-19 15:03:30','2026-01-19 15:03:30'),(31,'tickets','sla_prioridad_media','8','number',NULL,'SLA para prioridad media (horas)',7,1,'2026-01-19 15:03:30','2026-01-19 15:03:30'),(32,'tickets','sla_prioridad_baja','24','number',NULL,'SLA para prioridad baja (horas)',8,1,'2026-01-19 15:03:30','2026-01-19 15:03:30');
/*!40000 ALTER TABLE `configuraciones` ENABLE KEYS */;
UNLOCK TABLES;
/*!40103 SET TIME_ZONE=@OLD_TIME_ZONE */;

/*!40101 SET SQL_MODE=@OLD_SQL_MODE */;
/*!40014 SET FOREIGN_KEY_CHECKS=@OLD_FOREIGN_KEY_CHECKS */;
/*!40014 SET UNIQUE_CHECKS=@OLD_UNIQUE_CHECKS */;
/*!40101 SET CHARACTER_SET_CLIENT=@OLD_CHARACTER_SET_CLIENT */;
/*!40101 SET CHARACTER_SET_RESULTS=@OLD_CHARACTER_SET_RESULTS */;
/*!40101 SET COLLATION_CONNECTION=@OLD_COLLATION_CONNECTION */;
/*!40111 SET SQL_NOTES=@OLD_SQL_NOTES */;

-- Dump completed on 2026-01-26 12:23:56
